{"cameraMode":{"drawMode":0,"name":"Shaded","section":"Shading Mode"},"sceneLighting":false,"audioPlay":false,"sceneViewState":{"showFog":true,"showMaterialUpdate":false,"showSkybox":false,"showFlares":true,"showImageEffects":true,"showParticleSystems":true},"in2DMode":false,"pivot":{"x":-417.91278076171877,"y":-237.82315063476563,"z":18.533733367919923},"rotation":{"x":0.10475515574216843,"y":-0.39424294233322146,"z":0.04514239728450775,"w":0.9119738936424255},"size":6.662662029266357,"orthographic":false}