{"cameraMode":{"drawMode":0,"name":"Shaded","section":"Shading Mode"},"sceneLighting":false,"audioPlay":false,"sceneViewState":{"showFog":true,"showMaterialUpdate":false,"showSkybox":false,"showFlares":true,"showImageEffects":true,"showParticleSystems":true},"in2DMode":false,"pivot":{"x":199.85260009765626,"y":19.491071701049806,"z":125.97761535644531},"rotation":{"x":-0.03326818346977234,"y":0.9664996862411499,"z":-0.16870249807834626,"w":-0.19059094786643983},"size":0.285798579454422,"orthographic":false}