{"cameraMode":{"drawMode":0,"name":"Shaded","section":"Shading Mode"},"sceneLighting":false,"audioPlay":false,"sceneViewState":{"showFog":true,"showMaterialUpdate":false,"showSkybox":true,"showFlares":true,"showImageEffects":true,"showParticleSystems":true},"in2DMode":false,"pivot":{"x":1485.94921875,"y":850.1954345703125,"z":162.9010009765625},"rotation":{"x":-0.18290628492832185,"y":0.5868175029754639,"z":-0.1382099986076355,"w":-0.7765887379646301},"size":19.30356216430664,"orthographic":false}