{"cameraMode":{"drawMode":0,"name":"Shaded","section":"Shading Mode"},"sceneLighting":false,"audioPlay":false,"sceneViewState":{"showFog":true,"showMaterialUpdate":false,"showSkybox":false,"showFlares":true,"showImageEffects":true,"showParticleSystems":true},"in2DMode":false,"pivot":{"x":-397.67926025390627,"y":-238.36166381835938,"z":-1.7547626495361329},"rotation":{"x":-0.06450662761926651,"y":0.9048613905906677,"z":-0.14817534387111665,"w":-0.3940175175666809},"size":19.482751846313478,"orthographic":false}