{"cameraMode":{"drawMode":0,"name":"Shaded","section":"Shading Mode"},"sceneLighting":false,"audioPlay":false,"sceneViewState":{"showFog":true,"showMaterialUpdate":false,"showSkybox":false,"showFlares":true,"showImageEffects":true,"showParticleSystems":true},"in2DMode":false,"pivot":{"x":196.51605224609376,"y":14.009430885314942,"z":123.7119140625},"rotation":{"x":-0.029709959402680398,"y":0.7874177694320679,"z":-0.03807021677494049,"w":-0.6145312190055847},"size":8.228285789489746,"orthographic":false}